[{"model": "auth.permission", "pk": 1, "fields": {"name": "Can add log entry", "content_type": 1, "codename": "add_logentry"}}, {"model": "auth.permission", "pk": 2, "fields": {"name": "Can change log entry", "content_type": 1, "codename": "change_logentry"}}, {"model": "auth.permission", "pk": 3, "fields": {"name": "Can delete log entry", "content_type": 1, "codename": "delete_logentry"}}, {"model": "auth.permission", "pk": 4, "fields": {"name": "Can add group", "content_type": 2, "codename": "add_group"}}, {"model": "auth.permission", "pk": 5, "fields": {"name": "Can change group", "content_type": 2, "codename": "change_group"}}, {"model": "auth.permission", "pk": 6, "fields": {"name": "Can delete group", "content_type": 2, "codename": "delete_group"}}, {"model": "auth.permission", "pk": 7, "fields": {"name": "Can add permission", "content_type": 3, "codename": "add_permission"}}, {"model": "auth.permission", "pk": 8, "fields": {"name": "Can change permission", "content_type": 3, "codename": "change_permission"}}, {"model": "auth.permission", "pk": 9, "fields": {"name": "Can delete permission", "content_type": 3, "codename": "delete_permission"}}, {"model": "auth.permission", "pk": 10, "fields": {"name": "Can add content type", "content_type": 4, "codename": "add_contenttype"}}, {"model": "auth.permission", "pk": 11, "fields": {"name": "Can change content type", "content_type": 4, "codename": "change_contenttype"}}, {"model": "auth.permission", "pk": 12, "fields": {"name": "Can delete content type", "content_type": 4, "codename": "delete_contenttype"}}, {"model": "auth.permission", "pk": 13, "fields": {"name": "Can add session", "content_type": 5, "codename": "add_session"}}, {"model": "auth.permission", "pk": 14, "fields": {"name": "Can change session", "content_type": 5, "codename": "change_session"}}, {"model": "auth.permission", "pk": 15, "fields": {"name": "Can delete session", "content_type": 5, "codename": "delete_session"}}, {"model": "auth.permission", "pk": 16, "fields": {"name": "Can add product category", "content_type": 6, "codename": "add_productcategory"}}, {"model": "auth.permission", "pk": 17, "fields": {"name": "Can change product category", "content_type": 6, "codename": "change_productcategory"}}, {"model": "auth.permission", "pk": 18, "fields": {"name": "Can delete product category", "content_type": 6, "codename": "delete_productcategory"}}, {"model": "auth.permission", "pk": 19, "fields": {"name": "Can add product", "content_type": 7, "codename": "add_product"}}, {"model": "auth.permission", "pk": 20, "fields": {"name": "Can change product", "content_type": 7, "codename": "change_product"}}, {"model": "auth.permission", "pk": 21, "fields": {"name": "Can delete product", "content_type": 7, "codename": "delete_product"}}, {"model": "auth.permission", "pk": 22, "fields": {"name": "Can add user", "content_type": 8, "codename": "add_shopuser"}}, {"model": "auth.permission", "pk": 23, "fields": {"name": "Can change user", "content_type": 8, "codename": "change_shopuser"}}, {"model": "auth.permission", "pk": 24, "fields": {"name": "Can delete user", "content_type": 8, "codename": "delete_shopuser"}}, {"model": "auth.permission", "pk": 25, "fields": {"name": "Can add basket", "content_type": 9, "codename": "add_basket"}}, {"model": "auth.permission", "pk": 26, "fields": {"name": "Can change basket", "content_type": 9, "codename": "change_basket"}}, {"model": "auth.permission", "pk": 27, "fields": {"name": "Can delete basket", "content_type": 9, "codename": "delete_basket"}}, {"model": "auth.permission", "pk": 28, "fields": {"name": "Can view log entry", "content_type": 1, "codename": "view_logentry"}}, {"model": "auth.permission", "pk": 29, "fields": {"name": "Can view permission", "content_type": 3, "codename": "view_permission"}}, {"model": "auth.permission", "pk": 30, "fields": {"name": "Can view group", "content_type": 2, "codename": "view_group"}}, {"model": "auth.permission", "pk": 31, "fields": {"name": "Can view content type", "content_type": 4, "codename": "view_contenttype"}}, {"model": "auth.permission", "pk": 32, "fields": {"name": "Can view session", "content_type": 5, "codename": "view_session"}}, {"model": "auth.permission", "pk": 33, "fields": {"name": "Can view product", "content_type": 7, "codename": "view_product"}}, {"model": "auth.permission", "pk": 34, "fields": {"name": "Can view product category", "content_type": 6, "codename": "view_productcategory"}}, {"model": "auth.permission", "pk": 35, "fields": {"name": "Can view user", "content_type": 8, "codename": "view_shopuser"}}, {"model": "auth.permission", "pk": 36, "fields": {"name": "Can view basket", "content_type": 9, "codename": "view_basket"}}, {"model": "auth.permission", "pk": 37, "fields": {"name": "Can add association", "content_type": 10, "codename": "add_association"}}, {"model": "auth.permission", "pk": 38, "fields": {"name": "Can change association", "content_type": 10, "codename": "change_association"}}, {"model": "auth.permission", "pk": 39, "fields": {"name": "Can delete association", "content_type": 10, "codename": "delete_association"}}, {"model": "auth.permission", "pk": 40, "fields": {"name": "Can view association", "content_type": 10, "codename": "view_association"}}, {"model": "auth.permission", "pk": 41, "fields": {"name": "Can add code", "content_type": 11, "codename": "add_code"}}, {"model": "auth.permission", "pk": 42, "fields": {"name": "Can change code", "content_type": 11, "codename": "change_code"}}, {"model": "auth.permission", "pk": 43, "fields": {"name": "Can delete code", "content_type": 11, "codename": "delete_code"}}, {"model": "auth.permission", "pk": 44, "fields": {"name": "Can view code", "content_type": 11, "codename": "view_code"}}, {"model": "auth.permission", "pk": 45, "fields": {"name": "Can add nonce", "content_type": 12, "codename": "add_nonce"}}, {"model": "auth.permission", "pk": 46, "fields": {"name": "Can change nonce", "content_type": 12, "codename": "change_nonce"}}, {"model": "auth.permission", "pk": 47, "fields": {"name": "Can delete nonce", "content_type": 12, "codename": "delete_nonce"}}, {"model": "auth.permission", "pk": 48, "fields": {"name": "Can view nonce", "content_type": 12, "codename": "view_nonce"}}, {"model": "auth.permission", "pk": 49, "fields": {"name": "Can add user social auth", "content_type": 13, "codename": "add_usersocialauth"}}, {"model": "auth.permission", "pk": 50, "fields": {"name": "Can change user social auth", "content_type": 13, "codename": "change_usersocialauth"}}, {"model": "auth.permission", "pk": 51, "fields": {"name": "Can delete user social auth", "content_type": 13, "codename": "delete_usersocialauth"}}, {"model": "auth.permission", "pk": 52, "fields": {"name": "Can view user social auth", "content_type": 13, "codename": "view_usersocialauth"}}, {"model": "auth.permission", "pk": 53, "fields": {"name": "Can add partial", "content_type": 14, "codename": "add_partial"}}, {"model": "auth.permission", "pk": 54, "fields": {"name": "Can change partial", "content_type": 14, "codename": "change_partial"}}, {"model": "auth.permission", "pk": 55, "fields": {"name": "Can delete partial", "content_type": 14, "codename": "delete_partial"}}, {"model": "auth.permission", "pk": 56, "fields": {"name": "Can view partial", "content_type": 14, "codename": "view_partial"}}, {"model": "auth.permission", "pk": 57, "fields": {"name": "Can add shop user profile", "content_type": 15, "codename": "add_shopuserprofile"}}, {"model": "auth.permission", "pk": 58, "fields": {"name": "Can change shop user profile", "content_type": 15, "codename": "change_shopuserprofile"}}, {"model": "auth.permission", "pk": 59, "fields": {"name": "Can delete shop user profile", "content_type": 15, "codename": "delete_shopuserprofile"}}, {"model": "auth.permission", "pk": 60, "fields": {"name": "Can view shop user profile", "content_type": 15, "codename": "view_shopuserprofile"}}, {"model": "auth.permission", "pk": 61, "fields": {"name": "Can add order", "content_type": 16, "codename": "add_order"}}, {"model": "auth.permission", "pk": 62, "fields": {"name": "Can change order", "content_type": 16, "codename": "change_order"}}, {"model": "auth.permission", "pk": 63, "fields": {"name": "Can delete order", "content_type": 16, "codename": "delete_order"}}, {"model": "auth.permission", "pk": 64, "fields": {"name": "Can view order", "content_type": 16, "codename": "view_order"}}, {"model": "auth.permission", "pk": 65, "fields": {"name": "Can add order item", "content_type": 17, "codename": "add_orderitem"}}, {"model": "auth.permission", "pk": 66, "fields": {"name": "Can change order item", "content_type": 17, "codename": "change_orderitem"}}, {"model": "auth.permission", "pk": 67, "fields": {"name": "Can delete order item", "content_type": 17, "codename": "delete_orderitem"}}, {"model": "auth.permission", "pk": 68, "fields": {"name": "Can view order item", "content_type": 17, "codename": "view_orderitem"}}, {"model": "sessions.session", "pk": "5rktsffzki9b6lp96ny7ii5t7l0e6wse", "fields": {"session_data": "YzU2MWQyOGQ4MjA3MGYxYjI0ODA0ZDk2MmFhOTE1MTQwYWM0YWEyODp7Il9hdXRoX3VzZXJfaWQiOiIxIiwiX2F1dGhfdXNlcl9iYWNrZW5kIjoiZGphbmdvLmNvbnRyaWIuYXV0aC5iYWNrZW5kcy5Nb2RlbEJhY2tlbmQiLCJfYXV0aF91c2VyX2hhc2giOiIzNWRkM2ZjNWU1YmM0MTYwNmNlMjg1ZDI5NTJmZmEzN2FlMzFjNGY2In0=", "expire_date": "2020-05-18T17:08:56.966Z"}}, {"model": "sessions.session", "pk": "8fkr3jc1smd7rc42ymkdbh8api1n9r4w", "fields": {"session_data": "YTUxNDVhMjFmM2JkMGQ1NjMzOTZjMTQ5MTkzYWZmOTkxYzdhZmM3MDp7Il9hdXRoX3VzZXJfaWQiOiIxIiwiX2F1dGhfdXNlcl9oYXNoIjoiNzRhYzZmYmZmZTQ0MjI0MGZlMjQxOGRkMGM5YjdkY2Y3ODU5ODNiNiIsIl9hdXRoX3VzZXJfYmFja2VuZCI6ImRqYW5nby5jb250cmliLmF1dGguYmFja2VuZHMuTW9kZWxCYWNrZW5kIn0=", "expire_date": "2017-11-01T19:51:52.681Z"}}, {"model": "sessions.session", "pk": "9nsa38sv1iyqdv12b49f9wmwvt2g16f7", "fields": {"session_data": "eyJuZXh0IjoiLyIsInZrLW9hdXRoMl9zdGF0ZSI6IlNJOUZSblYzT2dWZUY1OEZOVmk3WEdZRFYya21vMGJkIn0:1lz5aP:SsSQCJo4dCR2fbPfZ2BY7NFuDcgqiu5tTC2ZLCMIpi0", "expire_date": "2021-07-15T22:55:09.100Z"}}, {"model": "sessions.session", "pk": "bsu9tu3h4q4lbgs7zruahqxrhhy4sd83", "fields": {"session_data": "OWU3NzBiZWZiYWNjYzBlZmQ0M2VkNjk4ZDk5ZWYyZGNjYjAwMGQ0Njp7Il9hdXRoX3VzZXJfYmFja2VuZCI6ImRqYW5nby5jb250cmliLmF1dGguYmFja2VuZHMuTW9kZWxCYWNrZW5kIiwiX2F1dGhfdXNlcl9pZCI6IjEiLCJfYXV0aF91c2VyX2hhc2giOiI3NGFjNmZiZmZlNDQyMjQwZmUyNDE4ZGQwYzliN2RjZjc4NTk4M2I2In0=", "expire_date": "2017-11-04T09:38:15.540Z"}}, {"model": "sessions.session", "pk": "njrird9voa7vwlx09i70k07m9nb60s68", "fields": {"session_data": ".eJxVjDsOwyAQBe9CHSEw_5TpfQa0wG5wEmHJ2FWUu0dILpL2zcx7swjHXuPRcYtLYVfm2eV3S5Cf2AYoD2j3lee17duS-FD4STuf14Kv2-n-HVToddRaUi7GJYtG2Am9x0LoEYLPSZByhSYdAmmHJmmhyEqQRpGyoEzykn2-CUA4TQ:1m4px5:Mg9ihZDBD5JZijHSEdiNajvAtcnqXsukBgvNoZNNOxs", "expire_date": "2021-07-31T19:26:19.577Z"}}, {"model": "sessions.session", "pk": "pmcx9uy3y7k1ctt55lms7qhiaa3gi2ga", "fields": {"session_data": ".eJxVj8tuwjAQRf_FaxpwEgeHHQgQjwWiVcvSmozHJEqIUWwiJNR_r1OhqszyjM69Mw_W0t2zGRuzEevrNws3X8bKefAU6Brv-XVzPq621edObPZ1Z2m-wPdTf1xfDh_LIKnBUDdHnap0UHjyCgvAmtph4yxW0Ci0HUVP6qK-jr72h_nQ-uqV4Mog5ah1yoFPhDC5iAkSkMXUaKNRojBCYgwZyanMjIA8TFakOtWY8JRTICH02fsb3YDzqrHnqv132N_f7PsH5tRZ8Q:1lzqho:0aJuqQPH3oAtNbZzJtHG8XbG0IAooqxnby3EzX9oynA", "expire_date": "2021-07-18T01:13:56.110Z"}}, {"model": "sessions.session", "pk": "tmesctfrv806fpc8bfecfogrql2u5e5h", "fields": {"session_data": "ZmE4OThlZDdlYzU1M2MxNzI1Yzg4M2FkOGNkM2ZlOTBjMDM4ZjIyNDp7Il9hdXRoX3VzZXJfaWQiOiIxIiwiX2F1dGhfdXNlcl9iYWNrZW5kIjoiZGphbmdvLmNvbnRyaWIuYXV0aC5iYWNrZW5kcy5Nb2RlbEJhY2tlbmQiLCJfYXV0aF91c2VyX2hhc2giOiI3NGFjNmZiZmZlNDQyMjQwZmUyNDE4ZGQwYzliN2RjZjc4NTk4M2I2In0=", "expire_date": "2017-11-01T12:54:45.937Z"}}, {"model": "mainapp.productcategory", "pk": 1, "fields": {"name": "дом", "description": "отличная мебель для домашнего интерьера.", "is_active": true}}, {"model": "mainapp.productcategory", "pk": 2, "fields": {"name": "офис", "description": "стильная и надежная офисная мебель нового поколения. 2017 модельный год", "is_active": true}}, {"model": "mainapp.productcategory", "pk": 3, "fields": {"name": "модерн", "description": "мебель в стиле МОДЕРН подойдет для любого интерьера. И для вашего", "is_active": true}}, {"model": "mainapp.productcategory", "pk": 4, "fields": {"name": "классика", "description": "классический стиль актуален в любые времена.", "is_active": true}}, {"model": "mainapp.productcategory", "pk": 5, "fields": {"name": "товары для кухни", "description": "полезное для кухни 2017", "is_active": false}}, {"model": "mainapp.product", "pk": 1, "fields": {"category": 1, "name": "комфорт 1", "image": "products_images/product-1.jpg", "short_desc": "комфортный стул", "description": "подойдет для просмотра фильмов", "price": "2989.50", "quantity": 10, "is_active": true}}, {"model": "mainapp.product", "pk": 2, "fields": {"category": 1, "name": "комфорт 2", "image": "products_images/product-2.jpg", "short_desc": "очень комфортный стул", "description": "подойдет для общения с друзьями", "price": "3687.20", "quantity": 14, "is_active": true}}, {"model": "mainapp.product", "pk": 3, "fields": {"category": 1, "name": "люкс", "image": "products_images/product-3.jpg", "short_desc": "использованы премиальные материалы", "description": "для тех, кто стремится к лучшему", "price": "8157.99", "quantity": 5, "is_active": true}}, {"model": "mainapp.product", "pk": 4, "fields": {"category": 1, "name": "люкс 2", "image": "products_images/product-4.jpg", "short_desc": "использованы премиальные материалы", "description": "для тех, кто стремится к лучшему", "price": "9157.99", "quantity": -2, "is_active": true}}, {"model": "mainapp.product", "pk": 5, "fields": {"category": 1, "name": "люкс 3", "image": "products_images/product-5.jpg", "short_desc": "использованы премиальные материалы", "description": "для тех, кто стремится к лучшему", "price": "10157.99", "quantity": 3, "is_active": true}}, {"model": "mainapp.product", "pk": 6, "fields": {"category": 2, "name": "стандарт", "image": "products_images/product-6.jpg", "short_desc": "универсальное решение 2017 года", "description": "подойдет для любого офиса. отличные характеристики", "price": "1895.25", "quantity": 27, "is_active": true}}, {"model": "mainapp.product", "pk": 7, "fields": {"category": 2, "name": "премиум", "image": "products_images/product-7.jpg", "short_desc": "улучшенный дизайн", "description": "идеально впишется в строгий интерьер офиса", "price": "3587.41", "quantity": 9, "is_active": true}}, {"model": "mainapp.product", "pk": 8, "fields": {"category": 2, "name": "премиум 2", "image": "products_images/product-8.jpg", "short_desc": "улучшенный дизайн", "description": "идеально впишется в строгий интерьер офиса", "price": "4587.41", "quantity": 8, "is_active": true}}, {"model": "mainapp.product", "pk": 9, "fields": {"category": 3, "name": "новинка", "image": "products_images/product-9.jpg", "short_desc": "инновационный дизайн", "description": "нестандартное решение для современного интерьера", "price": "5361.47", "quantity": 18, "is_active": true}}, {"model": "mainapp.product", "pk": 10, "fields": {"category": 3, "name": "прогресс", "image": "products_images/product-10.jpg", "short_desc": "прогрессивный дизайн", "description": "функциональное и комфортное решение", "price": "6789.33", "quantity": 5, "is_active": true}}, {"model": "mainapp.product", "pk": 11, "fields": {"category": 3, "name": "прогресс 2", "image": "products_images/product-11.jpg", "short_desc": "прогрессивный дизайн", "description": "функциональное и комфортное решение", "price": "7789.33", "quantity": 11, "is_active": true}}, {"model": "mainapp.product", "pk": 12, "fields": {"category": 3, "name": "прогресс 3", "image": "products_images/product-12.jpg", "short_desc": "прогрессивный дизайн", "description": "функциональное и комфортное решение", "price": "9789.33", "quantity": 7, "is_active": true}}, {"model": "mainapp.product", "pk": 13, "fields": {"category": 4, "name": "венеция", "image": "products_images/product-13.jpg", "short_desc": "классические формы", "description": "окунитесь в европейский комфорт", "price": "4147.51", "quantity": 17, "is_active": true}}, {"model": "mainapp.product", "pk": 14, "fields": {"category": 4, "name": "тоскана", "image": "products_images/product-14.jpg", "short_desc": "эргономичная спинка", "description": "почувствуйте комфорт и насладитесь цветовой гаммой", "price": "7147.35", "quantity": 18, "is_active": true}}, {"model": "mainapp.product", "pk": 15, "fields": {"category": 4, "name": "рим", "image": "products_images/product-15.jpg", "short_desc": "удачные пропорции", "description": "компактность и функциональность", "price": "8357.77", "quantity": 8, "is_active": true}}, {"model": "mainapp.product", "pk": 16, "fields": {"category": 4, "name": "рим 2", "image": "products_images/product-16.jpg", "short_desc": "удачные пропорции", "description": "компактность и функциональность", "price": "9357.77", "quantity": 6, "is_active": true}}, {"model": "mainapp.product", "pk": 17, "fields": {"category": 4, "name": "рим 3", "image": "products_images/product-17.jpg", "short_desc": "удачные пропорции", "description": "компактность и функциональность", "price": "10357.77", "quantity": 6, "is_active": true}}, {"model": "mainapp.product", "pk": 18, "fields": {"category": 2, "name": "офисный стул 4", "image": "", "short_desc": "удлиненная спинка", "description": "для людей высокого роста", "price": "1897.44", "quantity": 18, "is_active": false}}, {"model": "mainapp.product", "pk": 19, "fields": {"category": 1, "name": "jnm", "image": "", "short_desc": "m", "description": "", "price": "8.00", "quantity": 9, "is_active": false}}, {"model": "mainapp.product", "pk": 20, "fields": {"category": 1, "name": "k", "image": "", "short_desc": "", "description": "", "price": "9.00", "quantity": 9, "is_active": false}}, {"model": "mainapp.product", "pk": 21, "fields": {"category": 1, "name": "f", "image": "", "short_desc": "", "description": "", "price": "6.00", "quantity": 66, "is_active": false}}, {"model": "mainapp.product", "pk": 22, "fields": {"category": 1, "name": "k", "image": "", "short_desc": "", "description": "", "price": "99.00", "quantity": 9, "is_active": false}}, {"model": "mainapp.product", "pk": 23, "fields": {"category": 1, "name": "z", "image": "", "short_desc": "", "description": "", "price": "3.00", "quantity": 3, "is_active": false}}, {"model": "authapp.shopuser", "pk": 1, "fields": {"password": "pbkdf2_sha256$150000$SuhQcYZfne7p$DuEcYVKFxO1oTKYOqzNVMKjUa8GLgo5xDttyVYc7uTM=", "last_login": "2020-05-04T17:08:56.962Z", "is_superuser": true, "username": "django", "first_name": "", "last_name": "", "email": "django@geekshop.local", "is_staff": true, "is_active": false, "date_joined": "2017-10-18T12:46:45.112Z", "avatar": "", "age": 33, "activation_key": "", "activation_key_created": "2021-06-20T00:42:33.404Z", "groups": [], "user_permissions": []}}, {"model": "authapp.shopuser", "pk": 2, "fields": {"password": "pbkdf2_sha256$30000$TibmK0AuZEVN$KOczqCTahCoBw7f6JgV5cDMaytWm7qHpqiNRCcL7vnw=", "last_login": "2017-10-21T09:38:08.255Z", "is_superuser": false, "username": "user1", "first_name": "Пользователь 1", "last_name": "", "email": "user1@geekshop.ru", "is_staff": false, "is_active": false, "date_joined": "2017-10-21T09:35:58.357Z", "avatar": "users_avatars/Jellyfish.jpg", "age": 28, "activation_key": "", "activation_key_created": "2021-06-20T00:42:33.404Z", "groups": [], "user_permissions": []}}, {"model": "authapp.shopuser", "pk": 3, "fields": {"password": "pbkdf2_sha256$30000$yo2DzfanHzWV$ZiZ5mJrH7O7nlWXGRNr9E/H8OATrs+sDcdsu/qX0Tiw=", "last_login": null, "is_superuser": false, "username": "user2", "first_name": "", "last_name": "", "email": "user2@geekshop.ru", "is_staff": false, "is_active": false, "date_joined": "2017-10-21T10:27:36Z", "avatar": "users_avatars/Tulips.jpg", "age": 39, "activation_key": "", "activation_key_created": "2021-06-20T00:42:33.404Z", "groups": [], "user_permissions": []}}, {"model": "authapp.shopuser", "pk": 4, "fields": {"password": "pbkdf2_sha256$30000$J5VHESGhsJQ2$GKCnuIhscf6HLBlxrzwpXtV/o5BbhzBbImsOCXV7Eho=", "last_login": null, "is_superuser": false, "username": "user3", "first_name": "", "last_name": "", "email": "1@1.ru", "is_staff": false, "is_active": false, "date_joined": "2017-10-21T10:29:06.713Z", "avatar": "", "age": 19, "activation_key": "", "activation_key_created": "2021-06-20T00:42:33.404Z", "groups": [], "user_permissions": []}}, {"model": "authapp.shopuser", "pk": 5, "fields": {"password": "pbkdf2_sha256$30000$MtGCYwfLYlHX$m1E3qaaz5vb6azqPE5zI8hlBJOHl7vuecebnMLDO6SI=", "last_login": null, "is_superuser": false, "username": "user4", "first_name": "", "last_name": "", "email": "1@1.ru", "is_staff": false, "is_active": false, "date_joined": "2017-10-21T10:29:42.107Z", "avatar": "", "age": 19, "activation_key": "", "activation_key_created": "2021-06-20T00:42:33.404Z", "groups": [], "user_permissions": []}}, {"model": "authapp.shopuser", "pk": 6, "fields": {"password": "pbkdf2_sha256$30000$iULsZkzlNJlW$kKb/918Jw3Ba41OTfkOe5KyHogjeXhOAsgIt04ZHoAE=", "last_login": null, "is_superuser": false, "username": "user7", "first_name": "Пользователь 7", "last_name": "", "email": "7@geekshop.ru", "is_staff": false, "is_active": false, "date_joined": "2017-10-21T10:54:15.921Z", "avatar": "users_avatars/Hydrangeas.jpg", "age": 56, "activation_key": "", "activation_key_created": "2021-06-20T00:42:33.404Z", "groups": [], "user_permissions": []}}, {"model": "authapp.shopuser", "pk": 7, "fields": {"password": "pbkdf2_sha256$30000$WvXgdyZ5PfKG$8pT4FzHLw5uT+NOYLgaTkmhHXQdpW0pk6VIDhndReTk=", "last_login": null, "is_superuser": false, "username": "user9", "first_name": "Пользователь 9", "last_name": "", "email": "user9@geekshop.ru", "is_staff": false, "is_active": false, "date_joined": "2017-10-21T11:02:33Z", "avatar": "users_avatars/Chrysanthemum.jpg", "age": 19, "activation_key": "", "activation_key_created": "2021-06-20T00:42:33.404Z", "groups": [], "user_permissions": []}}, {"model": "authapp.shopuser", "pk": 8, "fields": {"password": "pbkdf2_sha256$216000$lGnY44nPN9Ut$JY6EgQZe67ffedtv77M558fDPUx5OFt5IHF59GhlDvE=", "last_login": "2021-07-17T19:26:19.552Z", "is_superuser": true, "username": "django_n", "first_name": "", "last_name": "", "email": "geek@dj.ru", "is_staff": true, "is_active": true, "date_joined": "2021-06-19T23:57:40Z", "avatar": "", "age": 23, "activation_key": "", "activation_key_created": "2021-06-20T00:42:33.404Z", "groups": [], "user_permissions": []}}, {"model": "authapp.shopuser", "pk": 9, "fields": {"password": "pbkdf2_sha256$216000$zpEOKRUbhITK$cNfQeYHoKDD/6uQINh3dz1tLok0FFld6g7fTejp1zfc=", "last_login": "2021-06-20T00:02:16.099Z", "is_superuser": false, "username": "django1", "first_name": "Пользователь", "last_name": "", "email": "", "is_staff": false, "is_active": true, "date_joined": "2021-06-20T00:01:14.863Z", "avatar": "", "age": 22, "activation_key": "", "activation_key_created": "2021-06-20T00:42:33.404Z", "groups": [], "user_permissions": []}}, {"model": "authapp.shopuser", "pk": 10, "fields": {"password": "pbkdf2_sha256$216000$im08lupKZ7rk$mgGjaO4LIdnLjXWb3Z/M76JPX2Sg3gTslPLu+SfWsaI=", "last_login": null, "is_superuser": false, "username": "dj", "first_name": "Test", "last_name": "", "email": "", "is_staff": false, "is_active": false, "date_joined": "2021-06-20T01:18:40.039Z", "avatar": "", "age": 33, "activation_key": "cd91905c95353f7fe0b299fbf72625601f0883a6", "activation_key_created": "2021-06-20T01:18:40.149Z", "groups": [], "user_permissions": []}}, {"model": "authapp.shopuser", "pk": 11, "fields": {"password": "pbkdf2_sha256$216000$UO5aaYKywFqG$D8BLeWPO3r+wWuA/xjmeGH8u8pp3nqduJKAE8SgUX+0=", "last_login": "2021-06-20T01:55:30.832Z", "is_superuser": false, "username": "dd", "first_name": "dd", "last_name": "", "email": "dd@django.ru", "is_staff": false, "is_active": false, "date_joined": "2021-06-20T01:34:43.794Z", "avatar": "", "age": 22, "activation_key": null, "activation_key_created": null, "groups": [], "user_permissions": []}}, {"model": "authapp.shopuser", "pk": 13, "fields": {"password": "!TY6fZxae4EiU8e7Gox9Bj6rxZLys1qOqLg0gQukX", "last_login": "2021-07-04T06:36:29.329Z", "is_superuser": false, "username": "id141955723", "first_name": "Наталья", "last_name": "Мамичева", "email": "", "is_staff": false, "is_active": true, "date_joined": "2021-07-01T22:28:42.576Z", "avatar": "users_avatars/13.jpg", "age": 24, "activation_key": null, "activation_key_created": "2021-07-01T22:28:42.576Z", "groups": [], "user_permissions": []}}, {"model": "authapp.shopuser", "pk": 14, "fields": {"password": "pbkdf2_sha256$216000$s25aet0Phfer$bXhybEAElFlmshL2S2LOTE/DJBDGOPfbZMIoYDiQAlM=", "last_login": null, "is_superuser": false, "username": "g", "first_name": "g", "last_name": "", "email": "rr@ya.ru", "is_staff": false, "is_active": false, "date_joined": "2021-07-04T05:36:36Z", "avatar": "", "age": 44, "activation_key": "56c31ca8a4c3a3a3a6fadc0024faa83102a02a32", "activation_key_created": "2021-07-04T05:36:36.144Z", "groups": [], "user_permissions": []}}, {"model": "authapp.shopuserprofile", "pk": 1, "fields": {"user": 1, "tagline": "", "about_me": "", "gander": ""}}, {"model": "authapp.shopuserprofile", "pk": 2, "fields": {"user": 2, "tagline": "", "about_me": "", "gander": ""}}, {"model": "authapp.shopuserprofile", "pk": 3, "fields": {"user": 3, "tagline": "", "about_me": "", "gander": ""}}, {"model": "authapp.shopuserprofile", "pk": 4, "fields": {"user": 4, "tagline": "", "about_me": "", "gander": ""}}, {"model": "authapp.shopuserprofile", "pk": 5, "fields": {"user": 5, "tagline": "", "about_me": "", "gander": ""}}, {"model": "authapp.shopuserprofile", "pk": 6, "fields": {"user": 6, "tagline": "", "about_me": "", "gander": ""}}, {"model": "authapp.shopuserprofile", "pk": 7, "fields": {"user": 7, "tagline": "", "about_me": "", "gander": ""}}, {"model": "authapp.shopuserprofile", "pk": 8, "fields": {"user": 8, "tagline": "", "about_me": "", "gander": ""}}, {"model": "authapp.shopuserprofile", "pk": 9, "fields": {"user": 9, "tagline": "", "about_me": "", "gander": ""}}, {"model": "authapp.shopuserprofile", "pk": 10, "fields": {"user": 10, "tagline": "", "about_me": "", "gander": ""}}, {"model": "authapp.shopuserprofile", "pk": 11, "fields": {"user": 11, "tagline": "", "about_me": "", "gander": ""}}, {"model": "authapp.shopuserprofile", "pk": 12, "fields": {"user": 13, "tagline": "", "about_me": "", "gander": "F"}}, {"model": "authapp.shopuserprofile", "pk": 13, "fields": {"user": 14, "tagline": "", "about_me": "", "gander": ""}}, {"model": "basketapp.basket", "pk": 6, "fields": {"user": 1, "product": 1, "quantity": 6, "add_datetime": "2017-10-18T12:58:10.438Z"}}, {"model": "basketapp.basket", "pk": 7, "fields": {"user": 1, "product": 16, "quantity": 6, "add_datetime": "2017-10-19T14:17:37.137Z"}}, {"model": "basketapp.basket", "pk": 11, "fields": {"user": 1, "product": 14, "quantity": 1, "add_datetime": "2017-10-21T06:09:05.198Z"}}, {"model": "basketapp.basket", "pk": 12, "fields": {"user": 2, "product": 15, "quantity": 1, "add_datetime": "2017-10-21T09:36:11.312Z"}}, {"model": "basketapp.basket", "pk": 13, "fields": {"user": 1, "product": 13, "quantity": 1, "add_datetime": "2017-12-25T17:07:57.722Z"}}, {"model": "basketapp.basket", "pk": 24, "fields": {"user": 8, "product": 3, "quantity": 1, "add_datetime": "2021-07-08T16:19:07.866Z"}}, {"model": "social_django.usersocialauth", "pk": 2, "fields": {"user": 13, "provider": "vk-oauth2", "uid": "141955723", "extra_data": "{\"auth_time\": 1625380589, \"id\": 141955723, \"expires\": 86400, \"access_token\": \"40391e79f2ca462b617b2a0fcad0aa652d67bfe089a2929577a38fb465b6520f3663c09ebf110298557a6\", \"token_type\": null}", "created": "2021-07-01T22:28:42.751Z", "modified": "2021-07-04T06:36:29.290Z"}}, {"model": "ordersapp.order", "pk": 1, "fields": {"user": 8, "created": "2021-07-04T00:14:49.361Z", "updated": "2021-07-04T00:53:05.605Z", "status": "STP", "is_active": true}}, {"model": "ordersapp.order", "pk": 2, "fields": {"user": 8, "created": "2021-07-04T00:26:28.343Z", "updated": "2021-07-04T00:50:30.423Z", "status": "FM", "is_active": false}}, {"model": "ordersapp.order", "pk": 3, "fields": {"user": 8, "created": "2021-07-04T00:55:48.906Z", "updated": "2021-07-08T15:21:26.471Z", "status": "STP", "is_active": true}}, {"model": "ordersapp.order", "pk": 4, "fields": {"user": 13, "created": "2021-07-04T01:14:18.187Z", "updated": "2021-07-04T01:14:27.361Z", "status": "STP", "is_active": true}}, {"model": "ordersapp.order", "pk": 5, "fields": {"user": 8, "created": "2021-07-08T14:19:25.084Z", "updated": "2021-07-08T15:27:18.299Z", "status": "STP", "is_active": true}}, {"model": "ordersapp.order", "pk": 6, "fields": {"user": 8, "created": "2021-07-08T15:27:23.488Z", "updated": "2021-07-08T15:41:06.186Z", "status": "FM", "is_active": false}}, {"model": "ordersapp.order", "pk": 7, "fields": {"user": 8, "created": "2021-07-08T15:29:21.260Z", "updated": "2021-07-17T19:41:36.336Z", "status": "FM", "is_active": false}}, {"model": "ordersapp.order", "pk": 8, "fields": {"user": 8, "created": "2021-07-08T15:43:48.628Z", "updated": "2021-07-17T21:28:46.427Z", "status": "FM", "is_active": false}}, {"model": "ordersapp.order", "pk": 9, "fields": {"user": 8, "created": "2021-07-08T15:56:08.260Z", "updated": "2021-07-17T19:42:32.264Z", "status": "FM", "is_active": false}}, {"model": "ordersapp.order", "pk": 10, "fields": {"user": 8, "created": "2021-07-08T15:57:23.563Z", "updated": "2021-07-08T16:17:06.972Z", "status": "STP", "is_active": true}}, {"model": "ordersapp.order", "pk": 11, "fields": {"user": 8, "created": "2021-07-08T16:19:39.903Z", "updated": "2021-07-17T20:03:12.112Z", "status": "FM", "is_active": false}}, {"model": "ordersapp.order", "pk": 12, "fields": {"user": 8, "created": "2021-07-17T11:27:44.533Z", "updated": "2021-07-17T12:43:38.512Z", "status": "FM", "is_active": false}}, {"model": "ordersapp.order", "pk": 13, "fields": {"user": 8, "created": "2021-07-17T19:42:50.852Z", "updated": "2021-07-17T20:43:30.759Z", "status": "FM", "is_active": false}}, {"model": "ordersapp.order", "pk": 14, "fields": {"user": 8, "created": "2021-07-17T21:29:05.037Z", "updated": "2021-07-17T21:47:59.895Z", "status": "FM", "is_active": true}}, {"model": "ordersapp.orderitem", "pk": 1, "fields": {"order": 1, "product": 1, "quantity": 11}}, {"model": "ordersapp.orderitem", "pk": 2, "fields": {"order": 2, "product": 2, "quantity": 1}}, {"model": "ordersapp.orderitem", "pk": 3, "fields": {"order": 2, "product": 4, "quantity": 1}}, {"model": "ordersapp.orderitem", "pk": 4, "fields": {"order": 1, "product": 3, "quantity": 2}}, {"model": "ordersapp.orderitem", "pk": 5, "fields": {"order": 3, "product": 4, "quantity": 1}}, {"model": "ordersapp.orderitem", "pk": 6, "fields": {"order": 4, "product": 2, "quantity": 2}}, {"model": "ordersapp.orderitem", "pk": 7, "fields": {"order": 5, "product": 2, "quantity": 2}}, {"model": "ordersapp.orderitem", "pk": 8, "fields": {"order": 6, "product": 2, "quantity": 1}}, {"model": "ordersapp.orderitem", "pk": 9, "fields": {"order": 7, "product": 2, "quantity": 6}}, {"model": "ordersapp.orderitem", "pk": 11, "fields": {"order": 9, "product": 2, "quantity": 6}}, {"model": "ordersapp.orderitem", "pk": 12, "fields": {"order": 10, "product": 2, "quantity": 7}}, {"model": "ordersapp.orderitem", "pk": 13, "fields": {"order": 10, "product": 4, "quantity": 8}}, {"model": "ordersapp.orderitem", "pk": 14, "fields": {"order": 10, "product": 10, "quantity": 8}}, {"model": "ordersapp.orderitem", "pk": 15, "fields": {"order": 10, "product": 13, "quantity": 7}}, {"model": "ordersapp.orderitem", "pk": 16, "fields": {"order": 10, "product": 1, "quantity": 7}}, {"model": "ordersapp.orderitem", "pk": 17, "fields": {"order": 11, "product": 3, "quantity": 1}}, {"model": "ordersapp.orderitem", "pk": 18, "fields": {"order": 11, "product": 13, "quantity": 5}}, {"model": "ordersapp.orderitem", "pk": 21, "fields": {"order": 11, "product": 11, "quantity": 2}}, {"model": "ordersapp.orderitem", "pk": 22, "fields": {"order": 13, "product": 3, "quantity": 1}}, {"model": "ordersapp.orderitem", "pk": 23, "fields": {"order": 13, "product": 16, "quantity": 1}}, {"model": "ordersapp.orderitem", "pk": 24, "fields": {"order": 13, "product": 14, "quantity": 1}}, {"model": "ordersapp.orderitem", "pk": 25, "fields": {"order": 13, "product": 11, "quantity": 1}}, {"model": "ordersapp.orderitem", "pk": 26, "fields": {"order": 13, "product": 15, "quantity": 1}}, {"model": "ordersapp.orderitem", "pk": 27, "fields": {"order": 8, "product": 5, "quantity": 6}}, {"model": "ordersapp.orderitem", "pk": 28, "fields": {"order": 8, "product": 12, "quantity": 0}}, {"model": "ordersapp.orderitem", "pk": 29, "fields": {"order": 8, "product": 12, "quantity": 0}}, {"model": "ordersapp.orderitem", "pk": 31, "fields": {"order": 8, "product": 12, "quantity": 0}}, {"model": "ordersapp.orderitem", "pk": 32, "fields": {"order": 8, "product": 6, "quantity": 1}}, {"model": "ordersapp.orderitem", "pk": 33, "fields": {"order": 14, "product": 8, "quantity": 2}}]